id,slug,title,japanese_title,players_min,players_max,playtime_min,playtime_max,complexity,bgg_id,tags,mechanics,themes,locales,guide_url,source_sha256
game:apiary,apiary,Apiary,エイピアリー,1,5,60,90,3.0,400314,worker-placement|engine-building|space|bees|solo-mode|stonemaier,worker_placement|engine_building|resource_management|tile_placement|variable_setup,space_exploration|bees|hive_building|science_fiction|alien_worlds,en|ja,https://kafka2306.github.io/boardgamelist/games/apiary/,da9a485007b83dcd53430ee072d6217e5bd31d6b702875cddf11282cc79427d9
game:arcs,arcs,Arcs,アークス,2,4,60,120,3.42,359871,4x|trick-taking|asymmetric|strategy|space|card-driven,trick_taking|area_control|asymmetric_player_powers|card_driven|4x|variable_setup,space_exploration|politics|empire_building|science_fiction,en|ja,https://kafka2306.github.io/boardgamelist/games/arcs/,5aa992a187596e1c8105b5efad12ef0c46556d33ca164fd48a579a44db9b3f06
game:blood-rage,blood-rage,Blood Rage,ブラッド・レイジ,2,4,60,90,2.88,170216,strategy|area-control|card-drafting|miniatures|viking|mythology,,,en|ja,https://kafka2306.github.io/boardgamelist/games/blood-rage/,87e3abd626fc181ef72dba054c0793abf99cd26d33d856e592374bf05c370e09
game:bohnanza,bohnanza,BOHNANZA,ボーナンザ,2,7,45,45,1.6,11,card-game|trading|negotiation|hand-management,trading|negotiation|hand_management|set_collection,farming|beans|agriculture,en|ja,https://kafka2306.github.io/boardgamelist/games/bohnanza/,034d4b33113cafe0fa2b530a1a699e1ca3063155f1e21d8ca225cc8b0e95b46f
game:caylus,caylus,Caylus,ケイラス,2,5,90,90,3.3,18602,worker-placement|medieval|strategy|economic|castle-building,,,en|ja,https://kafka2306.github.io/boardgamelist/games/caylus/,21c2300827c8763095caed5940d2aa47311665a3b7a40ca4e63a20a26e873f96
game:concept,concept,Concept,コンセプト,4,12,40,40,1.9,147151,party-game|communication|deduction|family-game|word-game,,,en|ja,https://kafka2306.github.io/boardgamelist/games/concept/,a26886f1671c832d9132321b3c7e97c2ab7398946b1a356b8ac5c5d19a846773
game:dice-forge,dice-forge,Dice Forge,ダイスフォージ,2,4,45,45,2.2,194594,dice-building|resource-management|engine-building|innovation|family-plus,,,en|ja,https://kafka2306.github.io/boardgamelist/games/dice-forge/,fc1a121dddd21b3f2a66fd3ef4194312e91c12f4c7f9f2570ad5599e6a382028
game:dune-imperium,dune-imperium,Dune: Imperium,デューン 砂の惑星：インペリウム,1,4,60,120,3.07,316554,deck-building|worker-placement|area-control|science-fiction|political|dune|conflict-resolution,deck_building|worker_placement|area_control|hand_management|resource_management|conflict_resolution|multi_use_cards,science_fiction|political_intrigue|desert_planet|spice_trade|galactic_empire|faction_warfare,en|ja,https://kafka2306.github.io/boardgamelist/games/dune-imperium/,2f5d51fc2d6e8fa0dcf02f167ac630f0d82ba0aecc676f47e732f20592ec69b6
game:fixer,fixer,FIXER,フィクサー,3,4,30,30,2.0,425604,trick-taking|political|negotiation|hidden-information,,,en|ja,https://kafka2306.github.io/boardgamelist/games/fixer/,8a620016f8a5f4ac1e5ba46f2e01930fb7dd5e4818c373e8b4a56f31d0793b55
game:fort,fort,FORT,フォート,2,4,40,40,2.1,296912,deck-building|hand-management|friendship|area-control,,,en|ja,https://kafka2306.github.io/boardgamelist/games/fort/,3f731fa7d6f339d973909b2d6aaddc3d6d010053d76aaec0e1819e1650338cf6
game:hackclad,hackclad,HackClad,ハッククラッド,2,4,45,45,2.3,352228,deck-building|witch|fantasy|hand-management|set-collection,,,en|ja,https://kafka2306.github.io/boardgamelist/games/hackclad/,338c2ef25441ed97e6a80646a8258c07398e1008231695b93993fd8e2c1950c2
game:isle-of-cats,isle-of-cats,The Isle of Cats,アイル・オブ・キャッツ,1,4,60,90,2.36,281259,tile-placement|card-drafting|pattern-building|animals|family-game,,,en|ja,https://kafka2306.github.io/boardgamelist/games/isle-of-cats/,1ec08631fc93ff63636ec500ecc42040fb467c279a5391678fefb1c7711a4326
game:istanbul-choose-write,istanbul-choose-write,イスタンブール選択と集中,イスタンブール選択と集中,2,5,60,60,2.8,379037,roll-and-write|dice|strategy|merchant|resource-management,,,en|ja,https://kafka2306.github.io/boardgamelist/games/istanbul-choose-write/,0db0051a112bcc661566e794567d162d2d034af8a6709356d98f9fb15a8cde47
game:lost-ruins-of-arnak,lost-ruins-of-arnak,Lost Ruins of Arnak,アルナックの失われし遺跡,1,4,30,120,2.93,312484,deck-building|worker-placement|exploration|adventure|hand-management|fantasy,deck_building|worker_placement|hand_management|resource_management|area_movement|research_tracks,exploration|adventure|archaeology|ancient_civilization|discovery,en|ja,https://kafka2306.github.io/boardgamelist/games/lost-ruins-of-arnak/,94e8fb87173ab6ec67f90c099b21780f5aeadd520d10e50a64b605ca2742d8e6
game:national-economy-mesena,national-economy-mesena,National Economy Mesena,ナショナルエコノミー・メセナ,1,4,45,45,2.6,351608,worker-placement|economic|cultural|engine-building|solo-mode,,,en|ja,https://kafka2306.github.io/boardgamelist/games/national-economy-mesena/,9f4ff07c3502fd47401c1e5a205159f82a444a7318f69950309475f3454197ed
game:sky-team,sky-team,Sky Team,スカイチーム,2,2,20,20,2.05,373106,cooperative|dice-rolling|real-time|communication|aviation,cooperative_play|dice_rolling|real_time|limited_communication|pattern_matching,aviation|teamwork|airport_management|transportation,en|ja,https://kafka2306.github.io/boardgamelist/games/sky-team/,9fd58cc295b5f9d1998fc1ce432504a68237dd35ec6c31efb5972e8c13879ff9
game:windmill-valley,windmill-valley,Windmill Valley,ウィンドミル・バレー,1,4,45,90,3.06,403441,euro-game|engine-building|resource-management|worker-placement|solo-mode,engine_building|resource_management|worker_placement|tableau_building|solo_mode,agriculture|windmills|dutch_countryside|farming|renewable_energy,en|ja,https://kafka2306.github.io/boardgamelist/games/windmill-valley/,c847e4d890a29be6702dfc9751b73024c1b30697e963a259e6ded3a147eb8d51
game:wingspan,wingspan,Wingspan,ウイングスパン,1,5,40,70,2.47,266192,card-game|engine-building|dice-rolling|hand-management|educational|animals,action_queue|dice_rolling|hand_management|open_drafting|engine_building,birds|nature|wildlife|scientific|educational,en|ja,https://kafka2306.github.io/boardgamelist/games/wingspan/,04b63b7cf21e7fa43a09efdeec63de27cfe5cb10ed5fe8a8aa839e827338f541
